links,status
https://www.reddit.com/r/manhattan/comments/198m2td/nyc_hidden_gems/,not_extracted
https://www.reddit.com/r/SameGrassButGreener/comments/1df9yyg/visiting_ny_for_4_days_what_hidden_gems_should_i/,not_extracted
https://www.reddit.com/r/FoodNYC/comments/1d28xsr/recommendations_for_nyc_hidden_gems/,not_extracted
https://www.reddit.com/r/AskNYC/comments/123qdz0/whats_one_of_the_nyc_secrets_locals_know_that/,not_extracted
https://www.reddit.com/r/FoodNYC/comments/1151d4m/best_hidden_food_in_nyc/,not_extracted
https://www.tripadvisor.com/Attractions-g60763-Activities-zft12156-New_York_City_New_York.html,not_extracted
https://www.takewalks.com/blog/secret-places-in-nyc,not_extracted
https://www.takewalks.com/blog/secret-places-in-nyc#Get_yourself_into_City_Hall_Station_NYCs_secret_station,not_extracted
https://www.takewalks.com/blog/secret-places-in-nyc#Explore_the_rooftop_gardens_at_Rockefeller_Center,not_extracted
https://www.instagram.com/rediscovernewyork/,not_extracted
https://www.aworldtotravel.com/nyc-hidden-gems-locals-secret-spots/,not_extracted
https://www.tripadvisor.com/Attractions-g60763-Activities-New_York_City_New_York.html,not_extracted
"https://www.nytimes.com/2023/03/20/style/what-to-wear-new-york-tourist.html#:~:text=Anything%20too%20slim%20or%20fitted,%2C%20don't%20be%20flashy.",not_extracted
https://www.platinumpropertiesnyc.com/blog/new-census-data-reveals-new-york-citys-wealthiest-neighborhoods,not_extracted
"https://www.travelandleisureasia.com/global/destinations/north-america/beautiful-places-to-visit-in-new-york-city-nyc/#:~:text=Brooklyn%20Bridge%20Park%2C%20Domino%20Park,are%20places%20with%20beautiful%20architecture.",not_extracted
https://www.timeout.com/newyork/things-to-do/secret-new-york,not_extracted
https://theculturetrip.com/north-america/usa/new-york-city/articles/off-the-beaten-track-7-hidden-nyc-gems,not_extracted
https://www.classpop.com/magazine/hidden-gems-in-nyc,not_extracted
https://www.rockhounding.org/rockhounding-maps/new-york.html,not_extracted
https://www.apartmentguide.com/blog/most-expensive-neighborhoods-new-york-ny/,not_extracted
https://www.timeout.com/newyork/things-to-do/secret-underground-spaces-around-nyc,not_extracted
https://www.youtube.com/watch?v=s9vohNZfCp4,not_extracted
https://www.youtube.com/watch?v=s9vohNZfCp4&t=0,not_extracted
